name,description,dtype,example
record_id,"Unique record identifier composed of dataset code, year, and sequence number",String,AIWT-2023-001842
year,Observation year ranging from 2018 to 2035,Integer,2025
country,Country where the organization is domiciled (52 countries across all income groups),String,Germany
country_income_group,World Bank income classification of the country,Categorical,High Income
region,World Bank geographic region of the country,Categorical,Europe
industry,Industry sector of the organization (16 sectors),Categorical,Technology
occupation,Job title / occupational category of the workforce cohort observed (108 occupations),Categorical,Data Scientist
company_size,"Categorical company size: Small (10–200 employees), Medium (200–1,000), Large (1,000–10,000), Enterprise (10,000+)",Categorical,Large
annual_revenue_usd,"Annual company revenue in US dollars, adjusted for company size bracket",Float,"482,300,000.00"
employee_count,Total number of employees in the organization at time of observation,Integer,"4,287"
digital_maturity_score,"Composite index (0–1) measuring the organization's digital infrastructure, culture, and capability; derived from country and industry digital readiness","Float [0,1]",0.7834
ai_adoption_rate,Share of business processes and workflows incorporating AI tools or automation (0–1),"Float [0,1]",0.4321
generative_ai_adoption,"Proportion of workers actively using generative AI tools (e.g., LLMs, image generators); near-zero before 2022, growing post-2023","Float [0,1]",0.2810
automation_level,Proportion of tasks within the occupational cohort that have been automated using AI or robotics,"Float [0,1]",0.5621
ai_investment_usd,"Annual organizational expenditure on AI technologies, platforms, and services in USD",Float,"3,420,000.00"
employee_ai_training_hours,Average annual hours of AI-related training per employee within the organization,Integer,48
jobs_before_ai,Number of jobs in the observed occupational cohort before the current AI adoption cycle,Integer,"1,250"
jobs_after_ai,Number of jobs in the occupational cohort after AI adoption effects are applied,Integer,"1,087"
jobs_created,"New jobs created due to AI adoption (new roles, augmented positions, AI-support functions)",Integer,142
jobs_displaced,Jobs eliminated or substantially redefined due to automation in the period,Integer,305
job_transformation_rate,Ratio of total job churn (displaced + created) to baseline jobs; measures pace of occupational transformation,Float,0.3576
reskilling_rate,Proportion of displaced workers who successfully transition to new roles through reskilling or upskilling programs,"Float [0,1]",0.6120
average_salary_before,Average annual salary (USD) for the occupational cohort before current AI adoption period,Float,"72,450.00"
average_salary_after,Average annual salary (USD) for the occupational cohort after AI adoption effects on compensation,Float,"81,320.00"
salary_growth_rate,Percentage change in average salary attributable to AI adoption and productivity gains,Float,0.1218
labor_cost_reduction,Fractional reduction in total labor cost achieved through automation and efficiency gains,"Float [0,1]",0.0840
operational_cost_reduction,Fractional reduction in total operational costs achieved through AI-driven efficiency improvements,"Float [0,1]",0.1320
productivity_index_before,Composite labor productivity index for the cohort before AI adoption (normalized; 1.0 = average),Float,0.9230
productivity_index_after,Composite labor productivity index for the cohort after AI adoption,Float,1.2850
productivity_gain_percent,Percentage increase in productivity index attributable to AI adoption,Float,39.22
customer_satisfaction_score,"Customer satisfaction rating on a 0–100 scale (e.g., CSAT or NPS-derived composite)","Float [0,100]",74.3
revenue_growth_rate,"Annual revenue growth rate, partially attributable to AI-driven efficiency and innovation",Float,0.1540
profit_margin_change,Change in profit margin (percentage points) resulting from AI investment and cost effects,Float,0.0830
innovation_index,"Composite score (0–1) measuring AI-driven product, process, and business model innovation","Float [0,1]",0.6120
automation_risk_score,Probability (0–1) that the occupational cohort's tasks are susceptible to full automation within the observation horizon,"Float [0,1]",0.4820
occupation_vulnerability_score,Adjusted automation risk accounting for reskilling uptake; lower than raw automation_risk_score when reskilling is high,"Float [0,1]",0.3650
employee_resistance_score,"Aggregate measure of workforce resistance or reluctance toward AI adoption (0 = full acceptance, 1 = full resistance)","Float [0,1]",0.2410
regulatory_pressure_score,Index of regulatory and compliance burden related to AI deployment in the jurisdiction (0–1); higher in advanced economies,"Float [0,1]",0.5830
net_employment_change,Net change in jobs: jobs_after_ai minus jobs_before_ai. Positive = net job creation; negative = net displacement,Integer,-163
workforce_resilience_score,"Composite index (0–1) measuring the organization's ability to adapt its workforce to AI disruption; combines reskilling, digital maturity, and resistance metrics","Float [0,1]",0.6740
ai_transformation_success,"Primary ML target variable. Three-class label based on composite AI transformation outcome: Success, Partial Success, or Failure. Classes are approximately balanced (33% each).",Categorical,Partial Success
